,gameId,playId,nflId,frameId,time,jerseyNumber,team,playDirection,x,y,s,a,dis,o,dir,event,game_playid,ball_snap,frames_after_snap,height,weight,birthDate,collegeName,officialPosition,displayName,pff_role,pff_positionLinedUp,pff_hit,pff_hurry,pff_sack,pff_beatenByDefender,pff_hitAllowed,pff_hurryAllowed,pff_sackAllowed,pff_nflIdBlockedPlayer,pff_blockType,pff_backFieldBlock,x_o,y_o
118322,2021091910,2074,35454.0,6.0,2021-09-19T21:31:50.700,90.0,TB,right,64.52,33.11,0.01,0.07,0.01,255.2,274.2,ball_snap,2021091910_2074,1.0,0.0,6-5,275,1989-01-01,South Florida,DE,Jason Pierre-Paul,Pass Rush,ROLB,0.0,0.0,0.0,,,,,,,,63.77548954124349,32.442389202602165
118323,2021091910,2074,35454.0,7.0,2021-09-19T21:31:50.800,90.0,TB,right,64.51,33.1,0.05,0.4,0.01,258.47,253.81,None,2021091910_2074,1.0,1.0,6-5,275,1989-01-01,South Florida,DE,Jason Pierre-Paul,Pass Rush,ROLB,0.0,0.0,0.0,,,,,,,,65.16289023408183,33.8574525346453
118324,2021091910,2074,35454.0,8.0,2021-09-19T21:31:50.900,90.0,TB,right,64.48,33.09,0.17,0.89,0.02,258.47,251.82,None,2021091910_2074,1.0,2.0,6-5,275,1989-01-01,South Florida,DE,Jason Pierre-Paul,Pass Rush,ROLB,0.0,0.0,0.0,,,,,,,,65.13289023408183,33.8474525346453
118325,2021091910,2074,35454.0,9.0,2021-09-19T21:31:51.000,90.0,TB,right,64.43,33.09,0.46,1.68,0.06,255.55,261.48,None,2021091910_2074,1.0,3.0,6-5,275,1989-01-01,South Florida,DE,Jason Pierre-Paul,Pass Rush,ROLB,0.0,0.0,0.0,,,,,,,,63.959549469275984,32.20757363018693
118326,2021091910,2074,35454.0,10.0,2021-09-19T21:31:51.100,90.0,TB,right,64.33,33.08,0.86,2.15,0.1,256.94,263.01,None,2021091910_2074,1.0,4.0,6-5,275,1989-01-01,South Florida,DE,Jason Pierre-Paul,Pass Rush,ROLB,0.0,0.0,0.0,,,,,,,,65.11345042821874,32.4585457164651
118327,2021091910,2074,35454.0,11.0,2021-09-19T21:31:51.200,90.0,TB,right,64.21,33.07,1.18,2.27,0.12,256.2,265.05,None,2021091910_2074,1.0,5.0,6-5,275,1989-01-01,South Florida,DE,Jason Pierre-Paul,Pass Rush,ROLB,0.0,0.0,0.0,,,,,,,,64.36951439754564,32.08280439781387
118328,2021091910,2074,35454.0,12.0,2021-09-19T21:31:51.300,90.0,TB,right,64.03,33.06,1.64,2.58,0.18,259.59,266.34,None,2021091910_2074,1.0,6.0,6-5,275,1989-01-01,South Florida,DE,Jason Pierre-Paul,Pass Rush,ROLB,0.0,0.0,0.0,,,,,,,,63.632669452973055,33.977675561622554
118329,2021091910,2074,35454.0,13.0,2021-09-19T21:31:51.400,90.0,TB,right,63.79,33.06,2.16,3.17,0.23,252.62,267.69,None,2021091910_2074,1.0,7.0,6-5,275,1989-01-01,South Florida,DE,Jason Pierre-Paul,Pass Rush,ROLB,0.0,0.0,0.0,,,,,,,,64.06463358478534,34.0215489556481
118330,2021091910,2074,35454.0,14.0,2021-09-19T21:31:51.500,90.0,TB,right,63.55,33.04,2.51,2.86,0.24,251.77,267.62,None,2021091910_2074,1.0,8.0,6-5,275,1989-01-01,South Florida,DE,Jason Pierre-Paul,Pass Rush,ROLB,0.0,0.0,0.0,,,,,,,,64.45364642621382,33.46827927382839
118331,2021091910,2074,35454.0,15.0,2021-09-19T21:31:51.600,90.0,TB,right,63.27,33.02,2.85,1.98,0.28,252.63,266.7,None,2021091910_2074,1.0,9.0,6-5,275,1989-01-01,South Florida,DE,Jason Pierre-Paul,Pass Rush,ROLB,0.0,0.0,0.0,,,,,,,,63.53500452392143,33.98424716867678
118332,2021091910,2074,35454.0,16.0,2021-09-19T21:31:51.700,90.0,TB,right,62.94,32.99,3.18,1.34,0.33,246.43,265.08,None,2021091910_2074,1.0,10.0,6-5,275,1989-01-01,South Florida,DE,Jason Pierre-Paul,Pass Rush,ROLB,0.0,0.0,0.0,,,,,,,,63.123969442575465,33.97293196315842
118333,2021091910,2074,35454.0,17.0,2021-09-19T21:31:51.800,90.0,TB,right,62.61,32.96,3.31,0.62,0.33,238.68,264.8,None,2021091910_2074,1.0,11.0,6-5,275,1989-01-01,South Florida,DE,Jason Pierre-Paul,Pass Rush,ROLB,0.0,0.0,0.0,,,,,,,,63.60671792054682,32.879047008326964
118334,2021091910,2074,35454.0,18.0,2021-09-19T21:31:51.900,90.0,TB,right,62.28,32.93,3.34,0.34,0.34,232.08,264.38,None,2021091910_2074,1.0,12.0,6-5,275,1989-01-01,South Florida,DE,Jason Pierre-Paul,Pass Rush,ROLB,0.0,0.0,0.0,,,,,,,,63.201893647686425,32.54255696889036
118335,2021091910,2074,35454.0,19.0,2021-09-19T21:31:52.000,90.0,TB,right,61.94,32.9,3.3,0.89,0.34,226.65,264.34,None,2021091910_2074,1.0,13.0,6-5,275,1989-01-01,South Florida,DE,Jason Pierre-Paul,Pass Rush,ROLB,0.0,0.0,0.0,,,,,,,,62.83811642217608,33.3397577653864
118336,2021091910,2074,35454.0,20.0,2021-09-19T21:31:52.100,90.0,TB,right,61.6,32.9,3.23,1.34,0.34,219.52,267.2,None,2021091910_2074,1.0,14.0,6-5,275,1989-01-01,South Florida,DE,Jason Pierre-Paul,Pass Rush,ROLB,0.0,0.0,0.0,,,,,,,,62.52434317379038,32.518437820182434
118337,2021091910,2074,35454.0,21.0,2021-09-19T21:31:52.200,90.0,TB,right,61.32,32.9,2.97,2.01,0.29,214.56,269.18,None,2021091910_2074,1.0,15.0,6-5,275,1989-01-01,South Florida,DE,Jason Pierre-Paul,Pass Rush,ROLB,0.0,0.0,0.0,,,,,,,,61.916470721629246,33.702634834927494
118338,2021091910,2074,35454.0,22.0,2021-09-19T21:31:52.300,90.0,TB,right,61.05,32.92,2.65,2.53,0.26,208.34,271.6,None,2021091910_2074,1.0,16.0,6-5,275,1989-01-01,South Florida,DE,Jason Pierre-Paul,Pass Rush,ROLB,0.0,0.0,0.0,,,,,,,,61.594599458016795,33.75869626822099
118339,2021091910,2074,35454.0,23.0,2021-09-19T21:31:52.400,90.0,TB,right,60.83,32.92,2.25,2.94,0.22,198.18,272.7,None,2021091910_2074,1.0,17.0,6-5,275,1989-01-01,South Florida,DE,Jason Pierre-Paul,Pass Rush,ROLB,0.0,0.0,0.0,,,,,,,,59.86352339536796,32.66324530637409
118340,2021091910,2074,35454.0,24.0,2021-09-19T21:31:52.500,90.0,TB,right,60.65,32.92,1.77,3.4,0.18,180.13,273.51,None,2021091910_2074,1.0,18.0,6-5,275,1989-01-01,South Florida,DE,Jason Pierre-Paul,Pass Rush,ROLB,0.0,0.0,0.0,,,,,,,,60.160446535653165,32.04802671741273
118341,2021091910,2074,35454.0,25.0,2021-09-19T21:31:52.600,90.0,TB,right,60.51,32.94,1.32,3.71,0.14,169.42,276.91,pass_forward,2021091910_2074,1.0,19.0,6-5,275,1989-01-01,South Florida,DE,Jason Pierre-Paul,Pass Rush,ROLB,0.0,0.0,0.0,,,,,,,,61.4845697752526,32.71591574539008
118342,2021091910,2074,35454.0,26.0,2021-09-19T21:31:52.700,90.0,TB,right,60.41,32.95,0.87,3.65,0.1,159.3,278.79,None,2021091910_2074,1.0,20.0,6-5,275,1989-01-01,South Florida,DE,Jason Pierre-Paul,Pass Rush,ROLB,0.0,0.0,0.0,,,,,,,,59.80515517489727,33.746343354054304
118343,2021091910,2074,41232.0,6.0,2021-09-19T21:31:50.700,70.0,ATL,right,62.48,30.88,0.0,0.0,0.01,123.61,312.28,ball_snap,2021091910_2074,1.0,0.0,6-5,309,1992-02-11,Texas A&amp;M,T,Jake Matthews,Pass Block,LT,,,,0.0,0.0,0.0,0.0,35454.0,PP,0.0,62.01564179032429,29.994352523231296
118344,2021091910,2074,41232.0,7.0,2021-09-19T21:31:50.800,70.0,ATL,right,62.47,30.89,0.0,0.0,0.02,123.61,311.3,None,2021091910_2074,1.0,1.0,6-5,309,1992-02-11,Texas A&amp;M,T,Jake Matthews,Pass Block,LT,,,,0.0,0.0,0.0,0.0,35454.0,PP,0.0,62.00564179032429,30.004352523231297
118345,2021091910,2074,41232.0,8.0,2021-09-19T21:31:50.900,70.0,ATL,right,62.45,30.9,0.0,0.0,0.02,122.32,309.98,None,2021091910_2074,1.0,2.0,6-5,309,1992-02-11,Texas A&amp;M,T,Jake Matthews,Pass Block,LT,,,,0.0,0.0,0.0,0.0,35454.0,PP,0.0,61.47035549638997,31.100740246454603
118346,2021091910,2074,41232.0,9.0,2021-09-19T21:31:51.000,70.0,ATL,right,62.42,30.92,0.03,0.91,0.04,127.54,303.64,None,2021091910_2074,1.0,3.0,6-5,309,1992-02-11,Texas A&amp;M,T,Jake Matthews,Pass Block,LT,,,,0.0,0.0,0.0,0.0,35454.0,PP,0.0,62.11923229487142,31.87369742977094
118347,2021091910,2074,41232.0,10.0,2021-09-19T21:31:51.100,70.0,ATL,right,62.4,30.93,0.23,2.39,0.02,127.54,300.0,None,2021091910_2074,1.0,4.0,6-5,309,1992-02-11,Texas A&amp;M,T,Jake Matthews,Pass Block,LT,,,,0.0,0.0,0.0,0.0,35454.0,PP,0.0,62.09923229487142,31.883697429770937
118348,2021091910,2074,41232.0,11.0,2021-09-19T21:31:51.200,70.0,ATL,right,62.36,30.95,0.59,3.14,0.05,124.45,299.31,None,2021091910_2074,1.0,5.0,6-5,309,1992-02-11,Texas A&amp;M,T,Jake Matthews,Pass Block,LT,,,,0.0,0.0,0.0,0.0,35454.0,PP,0.0,62.709549457462614,30.013082086419736
118349,2021091910,2074,41232.0,12.0,2021-09-19T21:31:51.300,70.0,ATL,right,62.27,31.0,1.06,3.58,0.1,100.24,298.48,None,2021091910_2074,1.0,6.0,6-5,309,1992-02-11,Texas A&amp;M,T,Jake Matthews,Pass Block,LT,,,,0.0,0.0,0.0,0.0,35454.0,PP,0.0,63.22796750990886,30.71312328439026
118350,2021091910,2074,41232.0,13.0,2021-09-19T21:31:51.400,70.0,ATL,right,62.14,31.07,1.64,4.43,0.15,103.7,298.52,None,2021091910_2074,1.0,7.0,6-5,309,1992-02-11,Texas A&amp;M,T,Jake Matthews,Pass Block,LT,,,,0.0,0.0,0.0,0.0,35454.0,PP,0.0,61.14037651989408,31.042561012756774
118351,2021091910,2074,41232.0,14.0,2021-09-19T21:31:51.500,70.0,ATL,right,61.95,31.18,2.19,4.02,0.21,113.34,299.37,None,2021091910_2074,1.0,8.0,6-5,309,1992-02-11,Texas A&amp;M,T,Jake Matthews,Pass Block,LT,,,,0.0,0.0,0.0,0.0,35454.0,PP,0.0,62.920701175943435,31.420289881231064
118352,2021091910,2074,41232.0,15.0,2021-09-19T21:31:51.600,70.0,ATL,right,61.74,31.29,2.55,2.99,0.24,106.95,298.68,None,2021091910_2074,1.0,9.0,6-5,309,1992-02-11,Texas A&amp;M,T,Jake Matthews,Pass Block,LT,,,,0.0,0.0,0.0,0.0,35454.0,PP,0.0,62.730786601564056,31.4254323084096
118353,2021091910,2074,41232.0,16.0,2021-09-19T21:31:51.700,70.0,ATL,right,61.51,31.41,2.78,1.76,0.26,100.24,297.96,None,2021091910_2074,1.0,10.0,6-5,309,1992-02-11,Texas A&amp;M,T,Jake Matthews,Pass Block,LT,,,,0.0,0.0,0.0,0.0,35454.0,PP,0.0,62.46796750990885,31.12312328439026
118354,2021091910,2074,41232.0,17.0,2021-09-19T21:31:51.800,70.0,ATL,right,61.28,31.55,2.82,0.48,0.27,81.61,299.17,None,2021091910_2074,1.0,11.0,6-5,309,1992-02-11,Texas A&amp;M,T,Jake Matthews,Pass Block,LT,,,,0.0,0.0,0.0,0.0,35454.0,PP,0.0,62.27745146108019,31.47865167984466
118355,2021091910,2074,41232.0,18.0,2021-09-19T21:31:51.900,70.0,ATL,right,61.03,31.67,2.77,0.65,0.28,68.82,297.02,None,2021091910_2074,1.0,12.0,6-5,309,1992-02-11,Texas A&amp;M,T,Jake Matthews,Pass Block,LT,,,,0.0,0.0,0.0,0.0,35454.0,PP,0.0,61.986790983318784,31.37922342900455
118356,2021091910,2074,41232.0,19.0,2021-09-19T21:31:52.000,70.0,ATL,right,60.78,31.76,2.6,1.55,0.26,55.15,293.12,None,2021091910_2074,1.0,13.0,6-5,309,1992-02-11,Texas A&amp;M,T,Jake Matthews,Pass Block,LT,,,,0.0,0.0,0.0,0.0,35454.0,PP,0.0,60.95127984267789,30.77477758069955
118357,2021091910,2074,41232.0,20.0,2021-09-19T21:31:52.100,70.0,ATL,right,60.54,31.84,2.44,1.94,0.25,50.08,289.83,None,2021091910_2074,1.0,14.0,6-5,309,1992-02-11,Texas A&amp;M,T,Jake Matthews,Pass Block,LT,,,,0.0,0.0,0.0,0.0,35454.0,PP,0.0,61.522847389863955,31.655579262994618
118358,2021091910,2074,41232.0,21.0,2021-09-19T21:31:52.200,70.0,ATL,right,60.32,31.89,2.25,2.23,0.23,45.48,284.5,None,2021091910_2074,1.0,15.0,6-5,309,1992-02-11,Texas A&amp;M,T,Jake Matthews,Pass Block,LT,,,,0.0,0.0,0.0,0.0,35454.0,PP,0.0,60.39302840888094,32.887329860926826
118359,2021091910,2074,41232.0,22.0,2021-09-19T21:31:52.300,70.0,ATL,right,60.1,31.92,2.09,2.19,0.22,47.42,279.71,None,2021091910_2074,1.0,16.0,6-5,309,1992-02-11,Texas A&amp;M,T,Jake Matthews,Pass Block,LT,,,,0.0,0.0,0.0,0.0,35454.0,PP,0.0,59.143521225522086,31.628198091210457
118360,2021091910,2074,41232.0,23.0,2021-09-19T21:31:52.400,70.0,ATL,right,59.88,31.94,2.0,2.0,0.22,41.46,274.83,None,2021091910_2074,1.0,17.0,6-5,309,1992-02-11,Texas A&amp;M,T,Jake Matthews,Pass Block,LT,,,,0.0,0.0,0.0,0.0,35454.0,PP,0.0,59.0657124080074,31.35953835826397
118361,2021091910,2074,41232.0,24.0,2021-09-19T21:31:52.500,70.0,ATL,right,59.67,31.94,1.9,1.79,0.2,34.69,269.82,None,2021091910_2074,1.0,18.0,6-5,309,1992-02-11,Texas A&amp;M,T,Jake Matthews,Pass Block,LT,,,,0.0,0.0,0.0,0.0,35454.0,PP,0.0,58.678762754942106,31.807906381645324
118362,2021091910,2074,41232.0,25.0,2021-09-19T21:31:52.600,70.0,ATL,right,59.49,31.94,1.77,1.6,0.18,31.29,266.73,pass_forward,2021091910_2074,1.0,19.0,6-5,309,1992-02-11,Texas A&amp;M,T,Jake Matthews,Pass Block,LT,,,,0.0,0.0,0.0,0.0,35454.0,PP,0.0,60.482081725744486,31.814406013504453
118363,2021091910,2074,41232.0,26.0,2021-09-19T21:31:52.700,70.0,ATL,right,59.34,31.93,1.56,1.66,0.15,31.29,263.81,None,2021091910_2074,1.0,20.0,6-5,309,1992-02-11,Texas A&amp;M,T,Jake Matthews,Pass Block,LT,,,,0.0,0.0,0.0,0.0,35454.0,PP,0.0,60.33208172574449,31.80440601350445
118364,2021091910,2074,41915.0,6.0,2021-09-19T21:31:50.700,58.0,TB,right,64.77,22.37,0.53,1.21,0.05,296.45,300.37,ball_snap,2021091910_2074,1.0,0.0,6-2,250,1992-11-17,Colorado State,OLB,Shaquil Barrett,Pass Rush,LOLB,0.0,0.0,0.0,,,,,,,,65.18733047145982,23.27875479508563
118365,2021091910,2074,41915.0,7.0,2021-09-19T21:31:50.800,58.0,TB,right,64.71,22.4,0.78,1.59,0.07,300.45,292.17,None,2021091910_2074,1.0,1.0,6-2,250,1992-11-17,Colorado State,OLB,Shaquil Barrett,Pass Rush,LOLB,0.0,0.0,0.0,,,,,,,,65.12496249608213,21.49016148309423
118366,2021091910,2074,41915.0,8.0,2021-09-19T21:31:50.900,58.0,TB,right,64.61,22.43,1.21,2.39,0.1,304.3,284.2,None,2021091910_2074,1.0,2.0,6-2,250,1992-11-17,Colorado State,OLB,Shaquil Barrett,Pass Rush,LOLB,0.0,0.0,0.0,,,,,,,,63.70291406112888,22.850945482814943
118367,2021091910,2074,41915.0,9.0,2021-09-19T21:31:51.000,58.0,TB,right,64.48,22.46,1.51,2.43,0.13,304.3,283.44,None,2021091910_2074,1.0,3.0,6-2,250,1992-11-17,Colorado State,OLB,Shaquil Barrett,Pass Rush,LOLB,0.0,0.0,0.0,,,,,,,,63.572914061128884,22.880945482814944
118368,2021091910,2074,41915.0,10.0,2021-09-19T21:31:51.100,58.0,TB,right,64.31,22.49,1.91,2.77,0.17,301.2,280.2,None,2021091910_2074,1.0,4.0,6-2,250,1992-11-17,Colorado State,OLB,Shaquil Barrett,Pass Rush,LOLB,0.0,0.0,0.0,,,,,,,,65.23380463786852,22.107135805992996
118369,2021091910,2074,41915.0,11.0,2021-09-19T21:31:51.200,58.0,TB,right,64.1,22.53,2.27,2.69,0.21,296.36,278.48,None,2021091910_2074,1.0,5.0,6-2,250,1992-11-17,Colorado State,OLB,Shaquil Barrett,Pass Rush,LOLB,0.0,0.0,0.0,,,,,,,,64.59731898617859,23.39756776449237
118370,2021091910,2074,41915.0,12.0,2021-09-19T21:31:51.300,58.0,TB,right,63.83,22.55,2.82,3.13,0.27,297.06,274.21,None,2021091910_2074,1.0,6.0,6-2,250,1992-11-17,Colorado State,OLB,Shaquil Barrett,Pass Rush,LOLB,0.0,0.0,0.0,,,,,,,,63.65146804240371,23.533934113707232
118371,2021091910,2074,41915.0,13.0,2021-09-19T21:31:51.400,58.0,TB,right,63.52,22.57,3.28,3.29,0.31,299.53,272.7,None,2021091910_2074,1.0,7.0,6-2,250,1992-11-17,Colorado State,OLB,Shaquil Barrett,Pass Rush,LOLB,0.0,0.0,0.0,,,,,,,,63.04752364635592,21.68865665303062
118372,2021091910,2074,41915.0,14.0,2021-09-19T21:31:51.500,58.0,TB,right,63.17,22.58,3.66,3.13,0.35,302.01,270.71,None,2021091910_2074,1.0,8.0,6-2,250,1992-11-17,Colorado State,OLB,Shaquil Barrett,Pass Rush,LOLB,0.0,0.0,0.0,,,,,,,,64.08426547540873,22.985115589030656
118373,2021091910,2074,41915.0,15.0,2021-09-19T21:31:51.600,58.0,TB,right,62.79,22.57,3.93,2.8,0.38,303.34,268.86,None,2021091910_2074,1.0,9.0,6-2,250,1992-11-17,Colorado State,OLB,Shaquil Barrett,Pass Rush,LOLB,0.0,0.0,0.0,,,,,,,,62.61460307520854,23.55449780028891
118374,2021091910,2074,41915.0,16.0,2021-09-19T21:31:51.700,58.0,TB,right,62.39,22.55,4.15,2.42,0.4,303.94,265.68,None,2021091910_2074,1.0,10.0,6-2,250,1992-11-17,Colorado State,OLB,Shaquil Barrett,Pass Rush,LOLB,0.0,0.0,0.0,,,,,,,,61.68934939821686,23.263504543938527
118375,2021091910,2074,41915.0,17.0,2021-09-19T21:31:51.800,58.0,TB,right,61.97,22.51,4.37,2.28,0.43,306.83,263.21,None,2021091910_2074,1.0,11.0,6-2,250,1992-11-17,Colorado State,OLB,Shaquil Barrett,Pass Rush,LOLB,0.0,0.0,0.0,,,,,,,,62.470967470463755,21.644533886546018
118376,2021091910,2074,41915.0,18.0,2021-09-19T21:31:51.900,58.0,TB,right,61.53,22.45,4.49,2.08,0.44,310.61,260.47,None,2021091910_2074,1.0,12.0,6-2,250,1992-11-17,Colorado State,OLB,Shaquil Barrett,Pass Rush,LOLB,0.0,0.0,0.0,,,,,,,,60.61195398037985,22.84647384006968
118377,2021091910,2074,41915.0,19.0,2021-09-19T21:31:52.000,58.0,TB,right,61.08,22.37,4.64,1.77,0.46,313.67,258.6,None,2021091910_2074,1.0,13.0,6-2,250,1992-11-17,Colorado State,OLB,Shaquil Barrett,Pass Rush,LOLB,0.0,0.0,0.0,,,,,,,,61.962678361565494,21.900022436680164
118378,2021091910,2074,41915.0,20.0,2021-09-19T21:31:52.100,58.0,TB,right,60.63,22.27,4.56,1.12,0.46,319.74,257.9,None,2021091910_2074,1.0,14.0,6-2,250,1992-11-17,Colorado State,OLB,Shaquil Barrett,Pass Rush,LOLB,0.0,0.0,0.0,,,,,,,,61.393261129649765,21.623909876282134
118379,2021091910,2074,41915.0,21.0,2021-09-19T21:31:52.200,58.0,TB,right,60.19,22.18,4.3,1.61,0.45,322.73,257.85,None,2021091910_2074,1.0,15.0,6-2,250,1992-11-17,Colorado State,OLB,Shaquil Barrett,Pass Rush,LOLB,0.0,0.0,0.0,,,,,,,,59.53305990757537,22.93394277963591
118380,2021091910,2074,41915.0,22.0,2021-09-19T21:31:52.300,58.0,TB,right,59.78,22.09,4.07,2.28,0.42,324.9,257.46,None,2021091910_2074,1.0,16.0,6-2,250,1992-11-17,Colorado State,OLB,Shaquil Barrett,Pass Rush,LOLB,0.0,0.0,0.0,,,,,,,,59.52790976276205,21.122296268329343
118381,2021091910,2074,41915.0,23.0,2021-09-19T21:31:52.400,58.0,TB,right,59.4,22.0,3.73,2.99,0.39,326.62,255.48,None,2021091910_2074,1.0,17.0,6-2,250,1992-11-17,Colorado State,OLB,Shaquil Barrett,Pass Rush,LOLB,0.0,0.0,0.0,,,,,,,,60.39442570707067,21.89456038165378
118382,2021091910,2074,41915.0,24.0,2021-09-19T21:31:52.500,58.0,TB,right,59.07,21.9,3.21,4.08,0.35,330.46,251.6,None,2021091910_2074,1.0,18.0,6-2,250,1992-11-17,Colorado State,OLB,Shaquil Barrett,Pass Rush,LOLB,0.0,0.0,0.0,,,,,,,,58.24060439390465,21.341338269979296
118383,2021091910,2074,41915.0,25.0,2021-09-19T21:31:52.600,58.0,TB,right,58.79,21.8,2.68,4.75,0.3,334.83,248.18,pass_forward,2021091910_2074,1.0,19.0,6-2,250,1992-11-17,Colorado State,OLB,Shaquil Barrett,Pass Rush,LOLB,0.0,0.0,0.0,,,,,,,,58.54222555381831,22.76881774540899
118384,2021091910,2074,41915.0,26.0,2021-09-19T21:31:52.700,58.0,TB,right,58.57,21.7,2.14,5.02,0.24,338.41,244.36,None,2021091910_2074,1.0,20.0,6-2,250,1992-11-17,Colorado State,OLB,Shaquil Barrett,Pass Rush,LOLB,0.0,0.0,0.0,,,,,,,,59.20560330737352,20.927984173960247
118385,2021091910,2074,47814.0,6.0,2021-09-19T21:31:50.700,76.0,ATL,right,62.62,24.76,0.03,0.62,0.01,99.35,218.83,ball_snap,2021091910_2074,1.0,0.0,6-6,306,1995-02-22,Washington,T,Kaleb McGary,Pass Block,RT,,,,0.0,0.0,0.0,0.0,41915.0,PP,0.0,63.00003248107987,23.835026858052476
118386,2021091910,2074,47814.0,7.0,2021-09-19T21:31:50.800,76.0,ATL,right,62.61,24.75,0.17,1.38,0.01,100.82,221.11,None,2021091910_2074,1.0,1.0,6-6,306,1995-02-22,Washington,T,Kaleb McGary,Pass Block,RT,,,,0.0,0.0,0.0,0.0,41915.0,PP,0.0,63.568519348933386,25.03502746836107
118387,2021091910,2074,47814.0,8.0,2021-09-19T21:31:50.900,76.0,ATL,right,62.58,24.73,0.4,1.94,0.03,101.53,229.81,None,2021091910_2074,1.0,2.0,6-6,306,1995-02-22,Washington,T,Kaleb McGary,Pass Block,RT,,,,0.0,0.0,0.0,0.0,41915.0,PP,0.0,63.1211140020838,25.570949247427485
118388,2021091910,2074,47814.0,9.0,2021-09-19T21:31:51.000,76.0,ATL,right,62.52,24.68,0.81,2.64,0.08,103.54,229.98,None,2021091910_2074,1.0,3.0,6-6,306,1995-02-22,Washington,T,Kaleb McGary,Pass Block,RT,,,,0.0,0.0,0.0,0.0,41915.0,PP,0.0,61.528772897097646,24.812169703305255
118389,2021091910,2074,47814.0,10.0,2021-09-19T21:31:51.100,76.0,ATL,right,62.44,24.6,1.21,2.93,0.11,104.64,227.97,None,2021091910_2074,1.0,4.0,6-6,306,1995-02-22,Washington,T,Kaleb McGary,Pass Block,RT,,,,0.0,0.0,0.0,0.0,41915.0,PP,0.0,61.87259261830879,23.776562775190282
118390,2021091910,2074,47814.0,11.0,2021-09-19T21:31:51.200,76.0,ATL,right,62.33,24.49,1.63,2.63,0.16,105.74,225.92,None,2021091910_2074,1.0,5.0,6-6,306,1995-02-22,Washington,T,Kaleb McGary,Pass Block,RT,,,,0.0,0.0,0.0,0.0,41915.0,PP,0.0,62.80647952769561,23.610814433872477
118391,2021091910,2074,47814.0,12.0,2021-09-19T21:31:51.300,76.0,ATL,right,62.19,24.35,1.95,2.1,0.19,107.1,224.72,None,2021091910_2074,1.0,6.0,6-6,306,1995-02-22,Washington,T,Kaleb McGary,Pass Block,RT,,,,0.0,0.0,0.0,0.0,41915.0,PP,0.0,63.149422384787755,24.63197284899112
118392,2021091910,2074,47814.0,13.0,2021-09-19T21:31:51.400,76.0,ATL,right,62.03,24.19,2.27,1.74,0.23,113.22,225.45,None,2021091910_2074,1.0,7.0,6-6,306,1995-02-22,Washington,T,Kaleb McGary,Pass Block,RT,,,,0.0,0.0,0.0,0.0,41915.0,PP,0.0,63.02248614238151,24.312357088804358
118393,2021091910,2074,47814.0,14.0,2021-09-19T21:31:51.500,76.0,ATL,right,61.86,24.04,2.38,1.0,0.23,119.08,226.15,None,2021091910_2074,1.0,8.0,6-6,306,1995-02-22,Washington,T,Kaleb McGary,Pass Block,RT,,,,0.0,0.0,0.0,0.0,41915.0,PP,0.0,62.81518244187108,23.743982259414736
118394,2021091910,2074,47814.0,15.0,2021-09-19T21:31:51.600,76.0,ATL,right,61.67,23.86,2.55,0.52,0.26,126.08,227.25,None,2021091910_2074,1.0,9.0,6-6,306,1995-02-22,Washington,T,Kaleb McGary,Pass Block,RT,,,,0.0,0.0,0.0,0.0,41915.0,PP,0.0,62.58459388478328,24.264373621687945
118395,2021091910,2074,47814.0,16.0,2021-09-19T21:31:51.700,76.0,ATL,right,61.45,23.68,2.7,0.43,0.28,134.0,229.56,None,2021091910_2074,1.0,10.0,6-6,306,1995-02-22,Washington,T,Kaleb McGary,Pass Block,RT,,,,0.0,0.0,0.0,0.0,41915.0,PP,0.0,60.98617113114813,24.565924816459948
118396,2021091910,2074,47814.0,17.0,2021-09-19T21:31:51.800,76.0,ATL,right,61.21,23.51,2.85,0.72,0.3,146.21,232.73,None,2021091910_2074,1.0,11.0,6-6,306,1995-02-22,Washington,T,Kaleb McGary,Pass Block,RT,,,,0.0,0.0,0.0,0.0,41915.0,PP,0.0,61.08439106068766,24.502079832657046
118397,2021091910,2074,47814.0,18.0,2021-09-19T21:31:51.900,76.0,ATL,right,60.97,23.34,2.89,0.89,0.29,150.17,235.09,None,2021091910_2074,1.0,12.0,6-6,306,1995-02-22,Washington,T,Kaleb McGary,Pass Block,RT,,,,0.0,0.0,0.0,0.0,41915.0,PP,0.0,61.780115416771594,22.753729574761792
118398,2021091910,2074,47814.0,19.0,2021-09-19T21:31:52.000,76.0,ATL,right,60.71,23.18,2.96,1.09,0.3,156.96,238.68,None,2021091910_2074,1.0,13.0,6-6,306,1995-02-22,Washington,T,Kaleb McGary,Pass Block,RT,,,,0.0,0.0,0.0,0.0,41915.0,PP,0.0,61.70285254162492,23.060652479753724
118399,2021091910,2074,47814.0,20.0,2021-09-19T21:31:52.100,76.0,ATL,right,60.44,23.04,2.98,1.22,0.3,161.32,242.01,None,2021091910_2074,1.0,14.0,6-6,306,1995-02-22,Washington,T,Kaleb McGary,Pass Block,RT,,,,0.0,0.0,0.0,0.0,41915.0,PP,0.0,59.98531219351265,22.149349115179398
118400,2021091910,2074,47814.0,21.0,2021-09-19T21:31:52.200,76.0,ATL,right,60.15,22.92,3.08,1.56,0.32,165.35,247.38,None,2021091910_2074,1.0,15.0,6-6,306,1995-02-22,Washington,T,Kaleb McGary,Pass Block,RT,,,,0.0,0.0,0.0,0.0,41915.0,PP,0.0,59.74554239274404,23.834556747245784
118401,2021091910,2074,47814.0,22.0,2021-09-19T21:31:52.300,76.0,ATL,right,59.85,22.82,3.11,1.78,0.31,166.13,251.9,None,2021091910_2074,1.0,16.0,6-6,306,1995-02-22,Washington,T,Kaleb McGary,Pass Block,RT,,,,0.0,0.0,0.0,0.0,41915.0,PP,0.0,58.91927667342086,23.185724061775343
118402,2021091910,2074,47814.0,23.0,2021-09-19T21:31:52.400,76.0,ATL,right,59.54,22.74,3.14,1.93,0.32,166.13,256.94,None,2021091910_2074,1.0,17.0,6-6,306,1995-02-22,Washington,T,Kaleb McGary,Pass Block,RT,,,,0.0,0.0,0.0,0.0,41915.0,PP,0.0,58.60927667342086,23.10572406177534
118403,2021091910,2074,47814.0,24.0,2021-09-19T21:31:52.500,76.0,ATL,right,59.23,22.69,3.14,1.99,0.32,167.4,261.8,None,2021091910_2074,1.0,18.0,6-6,306,1995-02-22,Washington,T,Kaleb McGary,Pass Block,RT,,,,0.0,0.0,0.0,0.0,41915.0,PP,0.0,58.60494111603964,21.909422398744216
118404,2021091910,2074,47814.0,25.0,2021-09-19T21:31:52.600,76.0,ATL,right,58.92,22.66,3.09,1.97,0.31,161.62,266.21,pass_forward,2021091910_2074,1.0,19.0,6-6,306,1995-02-22,Washington,T,Kaleb McGary,Pass Block,RT,,,,0.0,0.0,0.0,0.0,41915.0,PP,0.0,58.74882548084745,21.674759276119335
118405,2021091910,2074,47814.0,26.0,2021-09-19T21:31:52.700,76.0,ATL,right,58.62,22.65,2.97,2.05,0.3,157.82,270.21,None,2021091910_2074,1.0,20.0,6-6,306,1995-02-22,Washington,T,Kaleb McGary,Pass Block,RT,,,,0.0,0.0,0.0,0.0,41915.0,PP,0.0,59.35822082913665,23.324559120780968
